ip_address,Country,Domain Name,Bytes_used
52.81.192.172,China,odnoklassniki.ru,463
119.239.207.13,China,youtu.be,51
68.69.217.210,China,adobe.com,10
7.191.21.223,Bulgaria,linkedin.com,853
211.13.10.68,Indonesia,hud.gov,29
239.80.21.97,Suriname,smh.com.au,218
106.214.106.233,Jamaica,amazonaws.com,95
127.242.24.138,China,surveymonkey.com,123
99.2.6.139,Czech Republic,geocities.jp,322
237.54.11.63,China,amazon.com,83
252.141.157.25,Japan,cornell.edu,374
185.220.128.248,Belgium,weebly.com,389
151.77.19.45,Afghanistan,independent.co.uk,282
9.161.158.225,Indonesia,bloglines.com,726
156.144.61.155,Czech Republic,slideshare.net,657
8.96.188.151,Indonesia,ibm.com,517
5.72.7.65,Mexico,youtu.be,877
227.110.112.144,Croatia,ehow.com,287
81.71.28.97,Thailand,last.fm,588
9.255.129.184,Thailand,mtv.com,114
209.166.62.189,Indonesia,cloudflare.com,595
35.116.221.230,Russia,skype.com,960
221.202.66.93,Philippines,list-manage.com,570
105.209.128.51,Philippines,tumblr.com,16
83.130.135.105,Palestinian Territory,i2i.jp,222
175.158.82.252,Russia,imgur.com,492
190.58.76.137,Georgia,forbes.com,179
6.151.24.157,Brazil,fda.gov,681
169.165.144.192,Portugal,princeton.edu,649
239.27.149.214,China,youtu.be,511
50.14.182.7,Indonesia,npr.org,276
130.18.50.132,Brazil,alexa.com,342
80.54.8.201,Canada,unicef.org,190
239.234.39.166,Russia,stanford.edu,79
30.190.176.234,Australia,patch.com,563
143.198.140.99,France,cafepress.com,968
248.110.133.48,China,last.fm,333
35.104.255.113,Laos,nba.com,707
65.107.97.9,Indonesia,netvibes.com,629
155.211.189.235,United States,globo.com,967
4.68.10.108,Luxembourg,google.com.br,714
6.36.158.229,Poland,desdev.cn,951
65.18.49.1,Indonesia,narod.ru,728
240.179.57.110,Indonesia,cbslocal.com,496
225.156.236.187,China,pagesperso-orange.fr,797
62.106.195.92,Georgia,wordpress.org,545
33.93.113.70,Thailand,goo.ne.jp,527
253.251.243.161,China,harvard.edu,607
189.139.250.69,Indonesia,bloomberg.com,742
42.165.63.117,China,senate.gov,679
185.75.79.171,United States,who.int,709
132.36.204.150,Mexico,symantec.com,539
54.191.21.123,China,hibu.com,988
114.11.153.4,Germany,purevolume.com,763
13.18.184.125,Vietnam,mapy.cz,924
203.101.92.243,China,1688.com,757
237.16.93.50,Peru,discovery.com,895
67.240.187.12,Portugal,diigo.com,903
103.182.14.10,Colombia,123-reg.co.uk,34
174.92.169.113,Philippines,europa.eu,452
207.145.151.92,Russia,myspace.com,840
200.223.169.213,China,google.es,812
31.175.189.181,China,ning.com,212
13.154.108.60,Poland,angelfire.com,832
241.194.5.232,Colombia,vistaprint.com,257
32.169.50.121,Norway,yandex.ru,411
1.158.120.3,Russia,sphinn.com,937
130.120.67.149,Canada,arizona.edu,557
232.146.8.211,Russia,nifty.com,830
249.184.117.67,Argentina,senate.gov,814
226.57.250.29,Sweden,tmall.com,27
59.211.61.34,Cameroon,mediafire.com,411
101.188.247.23,Malta,technorati.com,21
113.179.222.115,Colombia,sbwire.com,53
155.62.2.196,Malta,163.com,446
174.203.250.104,China,mozilla.com,377
216.39.178.139,Poland,youku.com,476
169.17.113.145,United States,ucla.edu,73
6.69.21.154,Philippines,dmoz.org,693
63.97.114.124,France,comsenz.com,956
45.253.75.255,Australia,hatena.ne.jp,784
217.132.253.223,Russia,fc2.com,414
138.16.238.19,Nigeria,va.gov,470
88.128.235.155,Nigeria,google.com.au,977
40.229.214.233,Philippines,bigcartel.com,548
17.2.248.243,El Salvador,cloudflare.com,378
130.60.227.91,Latvia,omniture.com,724
218.113.229.248,Benin,ovh.net,612
173.164.131.27,Russia,moonfruit.com,417
190.15.202.84,China,naver.com,682
91.35.244.164,Nigeria,dailymail.co.uk,795
44.124.103.136,Indonesia,msn.com,596
111.9.45.159,Thailand,cargocollective.com,974
234.78.226.71,Brazil,bbb.org,290
161.159.61.231,China,icq.com,298
247.245.179.183,Sweden,discovery.com,486
93.152.63.22,Madagascar,uol.com.br,903
208.224.53.106,Libya,creativecommons.org,13
252.192.20.196,Poland,utexas.edu,286
197.139.149.249,Chile,nasa.gov,716
254.63.63.39,Bangladesh,mtv.com,997
249.217.133.21,Democratic Republic of the Congo,taobao.com,255
19.146.78.224,Georgia,example.com,54
252.11.56.141,Bahrain,mozilla.com,251
171.83.105.111,China,shop-pro.jp,210
33.154.240.111,China,xinhuanet.com,813
65.89.148.220,Malawi,engadget.com,843
234.136.234.74,Saint Vincent and the Grenadines,booking.com,577
1.208.49.132,Saudi Arabia,freewebs.com,322
186.221.150.43,China,trellian.com,544
82.101.222.230,France,ameblo.jp,573
239.251.118.13,Russia,godaddy.com,612
83.174.191.91,Mexico,unblog.fr,226
12.29.0.157,Philippines,utexas.edu,575
58.242.19.151,Brazil,amazon.co.jp,261
221.42.42.34,China,drupal.org,203
64.107.90.26,Montenegro,blogger.com,619
229.107.119.231,Macedonia,usgs.gov,986
3.92.145.105,China,pagesperso-orange.fr,548
244.157.229.246,United States,discovery.com,779
246.97.176.4,Dominican Republic,spotify.com,541
68.202.80.253,Sudan,xing.com,714
66.116.15.48,Uzbekistan,forbes.com,181
255.230.18.220,Indonesia,123-reg.co.uk,670
118.84.74.83,Pakistan,nih.gov,720
151.64.170.224,China,icq.com,704
1.93.12.208,Czech Republic,blog.com,337
145.55.140.212,Macedonia,hexun.com,173
121.5.177.135,Indonesia,cam.ac.uk,162
110.213.250.73,Norway,sciencedirect.com,410
97.86.218.248,Cyprus,youtu.be,140
224.218.20.152,Ukraine,miibeian.gov.cn,601
64.171.209.142,Philippines,slate.com,815
232.165.235.35,China,unc.edu,28
220.173.47.44,Brazil,wordpress.com,674
188.22.120.177,Argentina,nytimes.com,987
174.248.144.245,Peru,mail.ru,688
79.120.61.87,Russia,oracle.com,591
59.85.9.127,China,senate.gov,553
209.215.211.144,Philippines,behance.net,953
242.114.173.239,Russia,google.fr,576
193.224.240.195,Sweden,lulu.com,629
37.138.177.130,France,bandcamp.com,101
164.88.241.219,Pakistan,ehow.com,544
77.177.48.168,China,moonfruit.com,337
145.211.141.165,Czech Republic,yahoo.com,917
88.180.97.194,Dominica,craigslist.org,161
38.78.35.46,Russia,shinystat.com,646
3.30.68.67,China,odnoklassniki.ru,26
167.149.73.18,Ukraine,hugedomains.com,113
67.137.213.200,China,nifty.com,781
202.103.5.124,Portugal,elegantthemes.com,913
252.28.12.113,Brazil,earthlink.net,681
213.18.58.41,Philippines,slashdot.org,449
178.57.76.221,Indonesia,seesaa.net,971
166.149.54.189,Pakistan,scribd.com,91
101.119.185.35,Colombia,zimbio.com,925
220.35.73.140,Belarus,studiopress.com,753
228.102.179.239,China,fema.gov,126
26.225.202.178,Brazil,redcross.org,898
5.225.173.31,Japan,loc.gov,928
254.42.66.31,Philippines,dedecms.com,756
207.246.207.115,Portugal,yahoo.co.jp,494
211.55.128.156,Philippines,linkedin.com,44
162.77.99.239,Philippines,bigcartel.com,419
178.161.206.138,Philippines,naver.com,539
243.114.149.195,Brazil,house.gov,74
210.15.246.75,France,lulu.com,209
79.181.183.168,France,bbb.org,180
105.109.55.230,Portugal,unicef.org,333
3.3.143.240,China,ameblo.jp,624
254.65.122.193,United States,utexas.edu,441
91.79.59.1,Colombia,posterous.com,765
112.20.154.0,Sweden,weather.com,573
233.200.229.204,Spain,shinystat.com,461
126.116.136.120,Czech Republic,mac.com,300
98.102.86.26,Norway,oakley.com,471
49.72.165.108,Russia,php.net,775
53.140.178.93,Nigeria,yellowbook.com,495
26.10.139.188,Brazil,harvard.edu,192
221.155.145.108,Philippines,addtoany.com,10
254.186.40.31,Poland,tmall.com,451
184.70.217.200,Russia,topsy.com,903
111.119.152.166,Peru,marketwatch.com,345
252.150.88.122,France,aol.com,369
91.246.119.142,Philippines,studiopress.com,196
129.203.4.61,Philippines,51.la,346
193.4.88.196,Botswana,digg.com,401
13.163.111.97,Egypt,trellian.com,432
66.146.153.158,Poland,oaic.gov.au,146
152.41.118.14,Tanzania,arizona.edu,686
22.153.83.187,Palestinian Territory,spotify.com,848
200.16.155.28,Colombia,spotify.com,534
122.50.11.94,Brazil,comsenz.com,761
78.249.161.5,Sweden,is.gd,64
218.194.67.211,China,blinklist.com,50
95.128.51.127,Myanmar,omniture.com,364
221.59.137.197,Azerbaijan,umich.edu,688
38.121.13.55,Thailand,yahoo.co.jp,48
161.53.97.155,Chile,privacy.gov.au,568
6.246.207.234,Portugal,fastcompany.com,424
3.162.25.151,Mexico,flickr.com,860
226.104.68.112,China,miibeian.gov.cn,150
0.23.109.109,Indonesia,go.com,138
253.226.158.21,China,cdbaby.com,726
176.220.157.207,Brazil,liveinternet.ru,706
229.243.160.116,United States,github.io,191
122.67.180.23,Ukraine,fda.gov,44
217.181.205.239,Poland,biblegateway.com,838
60.155.79.96,China,whitehouse.gov,725
245.60.16.157,Bosnia and Herzegovina,springer.com,586
26.241.29.104,Indonesia,google.ru,118
93.53.38.141,Bangladesh,deviantart.com,13
228.131.147.156,Uruguay,ebay.co.uk,460
24.233.191.121,Morocco,whitehouse.gov,822
22.216.184.184,Russia,go.com,493
17.227.45.57,Russia,ca.gov,612
92.75.110.241,Nigeria,rakuten.co.jp,645
47.101.195.246,Indonesia,topsy.com,299
101.172.149.133,Peru,theatlantic.com,400
208.162.190.243,Czech Republic,wordpress.org,177
239.1.202.123,Israel,bloglines.com,934
191.198.222.50,Cameroon,wordpress.org,597
128.18.97.219,China,answers.com,711
66.167.134.124,Comoros,earthlink.net,742
48.244.153.237,China,biblegateway.com,537
249.177.161.0,China,blogger.com,512
131.159.161.244,China,scientificamerican.com,224
188.76.165.165,China,prweb.com,204
209.133.213.248,Tajikistan,miitbeian.gov.cn,344
237.107.18.83,Russia,amazon.com,545
53.48.42.38,Philippines,ucoz.ru,548
219.114.156.222,Japan,sciencedirect.com,40
212.40.170.97,China,redcross.org,10
243.132.204.51,Philippines,dyndns.org,707
8.22.197.61,Kazakhstan,macromedia.com,338
120.31.241.173,China,domainmarket.com,40
39.94.103.110,Poland,bing.com,243
115.225.29.149,Japan,printfriendly.com,670
216.1.20.214,Indonesia,istockphoto.com,49
223.129.77.239,Indonesia,ifeng.com,20
192.74.17.36,Uganda,webmd.com,954
122.63.33.136,Ukraine,imdb.com,263
204.124.186.40,Brazil,tripod.com,979
187.87.93.234,China,eventbrite.com,131
254.212.48.44,Russia,miitbeian.gov.cn,198
8.86.53.12,Nepal,ca.gov,231
50.187.76.114,China,goodreads.com,608
225.89.83.1,Brazil,jalbum.net,626
164.167.164.200,Indonesia,reuters.com,46
47.63.104.244,Japan,washington.edu,516
1.147.66.71,Morocco,pagesperso-orange.fr,100
46.162.48.115,Indonesia,phoca.cz,959
239.154.3.154,Afghanistan,ucoz.com,479
30.84.92.78,China,slate.com,221
23.250.210.113,China,e-recht24.de,141
25.174.174.239,Peru,nbcnews.com,281
188.208.53.17,New Zealand,earthlink.net,681
8.23.142.249,China,pagesperso-orange.fr,52
178.187.245.232,China,seesaa.net,576
8.210.249.185,Portugal,godaddy.com,721
165.57.105.33,Indonesia,princeton.edu,796
196.218.246.40,China,tripod.com,127
5.210.138.24,China,wunderground.com,739
194.125.255.133,Turkey,cpanel.net,880
178.11.98.38,Philippines,odnoklassniki.ru,731
166.8.12.250,China,sciencedirect.com,273
93.76.65.139,Iran,oakley.com,917
107.21.135.176,Indonesia,illinois.edu,72
125.141.218.30,China,arstechnica.com,784
157.81.86.66,Czech Republic,elegantthemes.com,781
187.40.182.146,Indonesia,ucoz.com,384
192.132.19.70,Vietnam,psu.edu,984
175.32.229.165,Portugal,wired.com,435
119.160.222.60,United Kingdom,bbc.co.uk,126
141.117.29.227,Hungary,youtu.be,479
222.213.93.57,Indonesia,auda.org.au,948
246.200.117.221,Indonesia,twitter.com,434
100.70.50.2,Malaysia,mit.edu,847
211.98.0.81,Indonesia,prweb.com,65
64.155.93.33,Brazil,weather.com,347
89.114.13.109,China,irs.gov,500
29.135.81.252,Japan,google.com.hk,712
223.234.142.231,Argentina,taobao.com,990
44.171.78.149,Poland,census.gov,48
189.52.141.93,Guam,quantcast.com,801
160.197.114.107,Philippines,dyndns.org,224
63.127.114.54,China,odnoklassniki.ru,196
169.221.6.38,Philippines,deliciousdays.com,264
206.91.103.151,Sweden,sohu.com,738
241.82.35.42,France,odnoklassniki.ru,744
73.2.119.252,China,parallels.com,795
227.216.71.115,Russia,mapy.cz,868
111.147.116.188,Indonesia,skyrock.com,987
169.24.84.242,China,newsvine.com,144
134.133.137.171,China,g.co,151
177.137.179.144,China,google.co.jp,553
70.28.201.166,Ghana,t.co,159
243.200.146.152,Morocco,nbcnews.com,836
198.222.224.224,Japan,cafepress.com,703
224.181.205.138,China,disqus.com,547
14.213.3.136,Zambia,123-reg.co.uk,338
104.239.81.3,Ecuador,miibeian.gov.cn,930
16.152.37.205,Argentina,hubpages.com,574
28.79.135.222,Belarus,t-online.de,659
190.52.26.93,Russia,canalblog.com,240
210.234.108.190,China,oaic.gov.au,747
36.18.187.19,China,moonfruit.com,988
222.6.56.76,Czech Republic,pbs.org,826
170.192.227.148,Indonesia,wisc.edu,194
59.241.11.213,Canada,domainmarket.com,721
196.68.5.9,Paraguay,rambler.ru,183
28.169.2.42,Iran,furl.net,337
163.229.14.95,Philippines,prnewswire.com,846
115.125.231.241,Mali,google.es,692
93.101.144.34,Brazil,cloudflare.com,470
75.155.178.24,China,mail.ru,250
252.30.16.5,Indonesia,spiegel.de,847
100.235.155.22,Poland,comsenz.com,816
98.172.2.2,China,weather.com,115
226.103.226.95,Indonesia,microsoft.com,873
83.184.148.110,Brazil,trellian.com,360
89.158.129.198,Japan,alibaba.com,416
179.122.11.237,Indonesia,shareasale.com,1000
41.172.245.134,China,unicef.org,56
114.164.216.179,Canada,marriott.com,655
45.101.238.6,Uruguay,jiathis.com,421
88.249.64.178,Poland,auda.org.au,892
155.191.132.94,Syria,dion.ne.jp,610
236.194.113.84,Thailand,eepurl.com,108
35.194.151.175,Philippines,storify.com,719
43.207.63.184,Lebanon,chronoengine.com,679
204.31.126.125,Indonesia,discuz.net,207
129.151.38.44,Czech Republic,disqus.com,422
75.121.31.243,Ireland,nationalgeographic.com,17
195.131.38.167,China,shareasale.com,316
55.115.58.118,Colombia,facebook.com,699
48.219.231.50,Brazil,google.nl,805
8.117.66.196,Sweden,examiner.com,588
151.24.226.11,Japan,salon.com,465
123.144.97.36,Russia,prnewswire.com,874
60.87.6.161,Russia,ezinearticles.com,350
33.123.181.181,Spain,techcrunch.com,967
187.247.91.133,Burkina Faso,senate.gov,872
104.147.42.240,Malaysia,freewebs.com,957
86.47.192.32,Russia,illinois.edu,955
178.222.87.119,Syria,sourceforge.net,618
211.3.60.26,Philippines,unicef.org,276
68.190.125.173,Mexico,virginia.edu,158
43.31.62.128,Philippines,nps.gov,668
207.47.1.181,Chile,google.co.uk,530
82.111.1.121,Indonesia,senate.gov,343
237.191.84.99,Poland,angelfire.com,657
213.127.236.137,Indonesia,jalbum.net,843
202.91.125.143,South Africa,mapy.cz,840
207.76.156.161,Laos,usnews.com,92
154.34.244.199,China,amazon.co.jp,897
7.87.92.165,Russia,indiegogo.com,867
49.45.87.147,Israel,wufoo.com,468
115.254.231.210,Indonesia,yelp.com,935
94.75.33.24,Peru,ocn.ne.jp,893
102.78.171.27,Greece,t.co,221
238.16.54.188,United States,theglobeandmail.com,38
18.107.242.105,China,hubpages.com,513
194.67.100.36,Russia,shareasale.com,913
162.44.30.196,Germany,alibaba.com,333
237.84.138.133,Poland,naver.com,852
154.209.31.46,Indonesia,goodreads.com,390
10.246.36.137,China,flavors.me,637
53.237.118.49,Indonesia,last.fm,126
204.175.68.96,China,java.com,460
31.191.8.138,Brazil,foxnews.com,847
239.242.183.8,China,dmoz.org,50
26.48.238.118,Greece,spotify.com,176
133.29.92.196,Indonesia,behance.net,859
180.133.19.111,Russia,weebly.com,128
62.237.175.155,Russia,github.com,184
48.74.69.116,Russia,icq.com,156
248.66.168.62,Czech Republic,chron.com,878
49.120.176.218,Czech Republic,mail.ru,268
204.143.24.31,China,census.gov,920
127.118.38.40,Sweden,odnoklassniki.ru,714
200.164.168.94,Philippines,a8.net,610
105.117.241.53,China,elpais.com,857
74.228.31.187,Indonesia,techcrunch.com,742
30.48.130.116,Peru,ehow.com,921
60.36.160.150,Chad,issuu.com,220
51.96.70.105,Philippines,zdnet.com,397
22.48.127.120,Indonesia,elegantthemes.com,298
252.141.20.31,Poland,youtube.com,269
103.87.28.155,Brazil,printfriendly.com,706
235.190.112.32,China,washington.edu,431
71.157.199.174,Libya,altervista.org,35
72.73.135.209,Mexico,foxnews.com,113
22.97.9.202,Latvia,dmoz.org,188
105.254.44.191,Portugal,samsung.com,781
206.17.144.104,Russia,plala.or.jp,208
63.183.213.112,Indonesia,google.es,260
188.132.36.242,Poland,harvard.edu,209
221.185.28.39,China,liveinternet.ru,654
127.149.93.62,Mexico,sbwire.com,588
132.212.231.2,Philippines,fc2.com,413
129.172.248.71,Chile,nasa.gov,701
68.59.204.70,United Kingdom,upenn.edu,362
135.190.29.75,Serbia,mapquest.com,353
145.56.46.0,Nigeria,infoseek.co.jp,494
211.237.91.248,Indonesia,unblog.fr,620
77.27.126.188,Ireland,unicef.org,796
248.11.200.217,China,redcross.org,853
4.149.71.47,China,twitpic.com,945
158.39.254.225,Russia,tumblr.com,361
27.17.48.131,Armenia,reddit.com,644
163.85.87.45,China,paypal.com,125
38.252.54.234,Indonesia,pen.io,103
142.69.128.219,Finland,wordpress.com,498
233.62.135.201,Malta,wufoo.com,576
212.16.117.58,Russia,1688.com,732
35.250.104.77,Ethiopia,craigslist.org,824
238.30.56.97,Sri Lanka,slideshare.net,949
6.139.183.106,Indonesia,google.co.jp,428
246.140.214.249,Philippines,state.tx.us,340
202.39.183.245,China,woothemes.com,776
24.130.128.238,Sweden,ezinearticles.com,720
193.72.209.105,Nigeria,amazon.com,92
242.39.184.182,Greece,sciencedirect.com,590
192.109.233.126,Colombia,shutterfly.com,427
10.105.238.229,Portugal,marketwatch.com,649
208.240.139.238,Vietnam,google.de,180
106.81.76.100,Indonesia,scientificamerican.com,60
241.174.203.35,China,multiply.com,710
207.10.4.224,Russia,studiopress.com,662
4.251.165.227,Indonesia,phoca.cz,921
227.173.28.36,Japan,miibeian.gov.cn,479
43.221.20.222,Brazil,pcworld.com,950
190.222.181.208,Indonesia,reverbnation.com,996
24.217.136.187,Honduras,google.co.uk,265
118.137.231.232,Philippines,hatena.ne.jp,706
16.198.62.61,Indonesia,cmu.edu,711
65.207.211.237,Sweden,umich.edu,702
64.159.2.86,United States,google.pl,676
25.243.207.252,Serbia,google.it,100
78.98.219.160,France,pbs.org,521
63.80.35.128,China,163.com,299
151.35.83.98,China,google.pl,520
23.86.9.230,Portugal,4shared.com,696
177.242.51.211,Indonesia,twitter.com,287
154.38.195.62,Indonesia,arstechnica.com,730
80.123.71.154,Ecuador,time.com,781
204.227.121.103,Indonesia,bloglovin.com,542
95.243.28.187,Brazil,printfriendly.com,150
217.6.4.73,Russia,photobucket.com,294
35.125.137.156,Philippines,tinyurl.com,766
124.122.36.243,Netherlands,free.fr,19
150.209.16.186,Japan,google.pl,168
208.107.139.93,France,blinklist.com,888
126.176.7.195,Russia,sphinn.com,915
215.252.1.43,Czech Republic,jiathis.com,112
194.127.118.58,United States,reverbnation.com,248
139.248.106.146,Madagascar,oakley.com,862
25.158.178.115,France,deliciousdays.com,172
26.144.207.229,China,marketwatch.com,810
122.36.69.152,Azerbaijan,paypal.com,758
93.77.57.112,Nicaragua,census.gov,813
206.27.230.110,Thailand,globo.com,54
133.102.49.89,Germany,biblegateway.com,322
3.148.125.83,Brazil,ocn.ne.jp,477
0.35.5.90,Czech Republic,discuz.net,170
85.95.168.195,Indonesia,dailymotion.com,1000
183.130.90.152,Armenia,t-online.de,865
67.143.251.24,Poland,jalbum.net,407
179.2.18.150,Philippines,answers.com,960
103.12.177.105,Philippines,com.com,655
172.21.241.128,Japan,statcounter.com,495
74.252.25.152,Vietnam,photobucket.com,474
137.35.213.184,China,google.ru,89
250.224.209.103,France,tiny.cc,285
97.141.2.219,China,yellowpages.com,647
4.207.214.158,Uganda,washington.edu,427
43.205.133.152,Indonesia,miitbeian.gov.cn,127
147.173.9.119,Sweden,topsy.com,431
130.8.110.138,Brazil,goo.ne.jp,697
5.244.132.67,Argentina,who.int,25
184.74.54.78,Japan,craigslist.org,86
3.27.228.100,Philippines,hc360.com,432
58.231.63.162,Bulgaria,guardian.co.uk,465
178.39.28.117,Chile,google.es,572
214.35.29.70,China,quantcast.com,239
29.240.105.23,Indonesia,cafepress.com,760
8.134.206.175,Russia,ucsd.edu,848
6.35.50.221,Guinea,tmall.com,754
36.178.136.85,Peru,dot.gov,18
81.122.207.6,Indonesia,accuweather.com,480
108.170.90.165,Sweden,adobe.com,755
66.73.216.111,Indonesia,statcounter.com,701
67.79.108.77,Morocco,constantcontact.com,58
155.100.11.108,Rwanda,stanford.edu,371
231.166.28.42,China,washingtonpost.com,95
94.225.200.240,China,is.gd,260
167.22.159.252,Sri Lanka,meetup.com,333
86.141.111.247,Poland,globo.com,798
252.231.189.29,Brazil,blogspot.com,870
103.251.15.23,China,hatena.ne.jp,103
116.184.227.115,Russia,businessweek.com,81
242.106.130.213,Bosnia and Herzegovina,booking.com,539
70.229.122.91,Pakistan,163.com,296
193.223.48.177,Kenya,linkedin.com,839
146.9.203.212,United States,toplist.cz,731
103.246.84.163,Indonesia,multiply.com,248
234.46.103.105,France,webmd.com,780
109.183.131.82,Indonesia,ucla.edu,257
221.155.188.246,Slovenia,canalblog.com,25
34.161.246.164,Vietnam,forbes.com,760
159.76.76.69,China,alexa.com,766
135.194.23.92,Argentina,liveinternet.ru,837
212.53.113.26,Bahrain,bluehost.com,626
205.251.76.118,Russia,weebly.com,466
129.95.174.148,South Africa,redcross.org,804
206.154.28.53,China,sakura.ne.jp,58
64.218.102.203,Indonesia,salon.com,135
78.157.241.216,Luxembourg,bbb.org,208
215.195.106.196,Indonesia,moonfruit.com,375
173.59.162.232,Brazil,latimes.com,560
187.100.242.7,Indonesia,networksolutions.com,254
221.91.17.182,Ukraine,imdb.com,717
148.73.255.73,China,slashdot.org,479
62.120.35.22,Madagascar,loc.gov,690
198.103.223.101,Ukraine,photobucket.com,816
51.166.252.41,Argentina,house.gov,956
159.9.220.254,France,yelp.com,225
210.32.107.235,China,gnu.org,494
201.219.223.184,Indonesia,weebly.com,934
17.135.142.207,Uganda,nifty.com,534
15.69.156.97,Russia,nyu.edu,745
234.48.196.84,Philippines,vimeo.com,565
230.241.169.133,Czech Republic,google.cn,986
246.68.193.55,Serbia,va.gov,47
200.71.16.135,Vietnam,squarespace.com,17
94.11.41.252,Japan,constantcontact.com,504
121.231.177.28,Russia,webnode.com,761
25.213.167.103,Myanmar,wikimedia.org,893
75.212.44.96,China,google.co.uk,581
2.89.218.109,Philippines,ameblo.jp,566
208.46.136.82,Indonesia,cpanel.net,517
108.201.144.192,Portugal,biblegateway.com,479
214.5.104.129,China,furl.net,148
253.29.228.95,Albania,umich.edu,880
192.65.209.138,Poland,bravesites.com,74
191.203.39.165,Indonesia,netvibes.com,137
7.135.129.66,Peru,toplist.cz,494
145.136.84.1,Philippines,geocities.com,55
9.119.201.93,Thailand,cbc.ca,755
201.144.42.160,China,storify.com,380
17.162.2.146,Philippines,people.com.cn,517
176.75.123.104,Tanzania,linkedin.com,341
82.60.150.190,China,blog.com,525
217.84.166.71,France,narod.ru,939
149.29.27.104,China,163.com,141
9.140.230.118,Indonesia,alexa.com,668
75.99.20.63,China,geocities.jp,778
93.210.37.33,China,uol.com.br,409
122.245.170.192,Philippines,mapquest.com,232
47.46.100.198,Japan,newsvine.com,983
94.234.166.188,China,hatena.ne.jp,401
173.8.47.231,Russia,studiopress.com,924
142.191.187.77,China,ask.com,331
162.196.16.7,France,tripod.com,568
178.49.127.9,Cyprus,ycombinator.com,609
179.253.17.11,Venezuela,paginegialle.it,920
10.59.237.117,United States,google.de,859
102.57.168.88,Poland,answers.com,954
246.242.243.246,Indonesia,whitehouse.gov,804
170.180.69.60,Poland,unesco.org,7
149.171.0.30,Japan,globo.com,189
100.199.101.62,Indonesia,wired.com,117
249.70.186.176,Argentina,xinhuanet.com,782
142.23.231.239,China,google.fr,759
6.113.234.24,Indonesia,vistaprint.com,971
181.116.54.113,Argentina,ft.com,682
223.133.223.217,Netherlands,apache.org,455
38.240.125.134,Indonesia,sitemeter.com,591
240.160.149.157,Indonesia,soundcloud.com,83
166.238.66.54,Japan,mail.ru,991
231.102.224.137,Ireland,etsy.com,81
203.110.70.158,Brazil,wikia.com,108
197.19.90.247,Sweden,wikipedia.org,334
38.98.125.1,Serbia,mayoclinic.com,459
32.234.200.234,Sweden,mapy.cz,862
97.227.158.125,Sri Lanka,economist.com,636
147.41.59.206,Dominican Republic,columbia.edu,249
157.161.116.42,North Korea,ftc.gov,827
33.8.169.147,Sweden,marriott.com,935
241.69.89.147,Indonesia,uol.com.br,741
61.125.174.3,Portugal,indiegogo.com,103
87.167.183.117,Poland,scribd.com,869
189.219.220.20,France,privacy.gov.au,748
168.140.223.154,Haiti,is.gd,331
214.46.182.222,China,nydailynews.com,917
248.189.114.73,Slovenia,businesswire.com,789
236.127.87.171,China,people.com.cn,976
77.72.122.20,China,feedburner.com,358
127.154.126.133,Guam,usda.gov,449
142.25.129.102,China,github.io,675
249.152.123.2,China,hhs.gov,825
52.22.117.151,Nigeria,bigcartel.com,294
188.75.137.10,China,reuters.com,463
215.80.17.161,Russia,hao123.com,14
251.11.211.117,Japan,altervista.org,685
148.41.237.162,Indonesia,moonfruit.com,246
232.78.39.176,Finland,delicious.com,831
106.58.201.67,Indonesia,topsy.com,992
41.156.184.245,Greece,diigo.com,218
102.105.215.79,Czech Republic,cam.ac.uk,68
161.181.115.114,Indonesia,blog.com,320
230.100.146.76,Philippines,gov.uk,883
84.217.103.71,Mexico,newsvine.com,397
209.81.22.190,Nigeria,tamu.edu,975
51.216.236.158,Sweden,mozilla.org,512
5.12.79.0,Czech Republic,reddit.com,278
129.236.241.144,Micronesia,ocn.ne.jp,924
15.228.81.180,Canada,icio.us,61
136.173.97.109,Brazil,themeforest.net,686
78.175.25.228,French Polynesia,miitbeian.gov.cn,293
114.16.128.245,Philippines,yolasite.com,250
245.70.172.83,Venezuela,live.com,910
4.118.145.54,China,gov.uk,498
232.180.49.83,China,dell.com,356
56.164.129.47,Indonesia,dion.ne.jp,586
49.57.243.165,Poland,phpbb.com,573
146.94.87.157,Palestinian Territory,wikia.com,484
170.64.196.247,Indonesia,engadget.com,408
121.196.48.110,Poland,imageshack.us,571
166.223.130.216,China,mlb.com,815
118.149.130.243,Colombia,topsy.com,347
149.212.121.228,Thailand,freewebs.com,936
56.56.126.75,France,icq.com,489
67.218.98.183,Indonesia,house.gov,628
245.25.247.7,United States,wisc.edu,133
68.108.19.68,Sweden,who.int,784
33.194.7.236,Malawi,usnews.com,84
74.192.74.4,China,google.cn,90
246.81.39.235,Japan,facebook.com,373
250.162.68.191,Indonesia,craigslist.org,195
245.118.130.73,Poland,fema.gov,716
174.80.20.226,Indonesia,bloomberg.com,931
222.120.168.146,Indonesia,imageshack.us,154
108.41.189.203,Cuba,photobucket.com,609
247.175.28.115,Philippines,google.de,54
115.1.79.24,Portugal,dagondesign.com,709
111.34.111.109,Lesotho,soundcloud.com,872
71.68.150.133,Zambia,wisc.edu,476
241.44.112.94,Russia,nature.com,70
63.83.36.17,China,loc.gov,975
121.244.192.118,Germany,noaa.gov,525
36.165.255.224,Peru,marketwatch.com,10
127.91.195.253,Brazil,sohu.com,510
95.52.109.215,Malaysia,tinyurl.com,184
249.188.41.233,Colombia,nydailynews.com,517
190.176.240.91,Colombia,ovh.net,775
215.195.60.26,Sweden,lycos.com,718
47.71.207.153,Indonesia,ca.gov,597
84.20.87.205,Brazil,cdbaby.com,389
125.45.173.73,Colombia,cnet.com,610
80.82.142.103,Indonesia,admin.ch,310
206.180.177.229,Macedonia,vistaprint.com,944
186.239.23.137,Philippines,accuweather.com,721
55.155.170.175,Serbia,blogs.com,771
43.23.3.254,Israel,chronoengine.com,898
178.11.162.123,China,nature.com,664
157.243.238.8,China,bloglines.com,277
214.241.56.163,Indonesia,studiopress.com,801
253.234.252.57,Brazil,twitpic.com,451
99.73.193.76,China,jigsy.com,605
196.127.184.179,Russia,reddit.com,950
247.202.85.145,Sweden,economist.com,216
104.26.161.111,Philippines,cocolog-nifty.com,477
14.212.55.166,Samoa,nydailynews.com,874
70.153.191.6,Poland,answers.com,83
7.142.11.135,Slovenia,wikipedia.org,692
8.0.246.238,Guatemala,narod.ru,169
250.106.3.246,Portugal,360.cn,915
66.16.25.170,Peru,devhub.com,805
1.30.7.186,Palestinian Territory,apache.org,619
105.242.37.126,Sweden,google.de,923
104.101.52.164,Philippines,mapy.cz,154
83.152.52.246,North Korea,clickbank.net,797
22.230.135.137,Indonesia,arizona.edu,834
32.237.132.141,China,cloudflare.com,633
64.169.68.77,Palestinian Territory,sun.com,92
165.29.99.212,Afghanistan,mail.ru,241
200.130.25.141,Philippines,bloomberg.com,80
85.129.242.117,China,about.com,728
217.253.235.131,Venezuela,booking.com,266
229.48.246.25,Malaysia,google.fr,236
102.139.191.233,Afghanistan,howstuffworks.com,930
111.143.92.241,Ethiopia,t.co,295
195.31.164.144,Philippines,java.com,732
119.152.247.95,Russia,gmpg.org,515
219.104.148.120,Portugal,biglobe.ne.jp,452
21.220.156.148,Pakistan,infoseek.co.jp,939
25.185.166.244,Ukraine,eepurl.com,794
16.185.66.225,Indonesia,yellowpages.com,886
204.78.37.227,Argentina,over-blog.com,409
192.132.25.222,Lithuania,newsvine.com,565
248.136.34.98,Bulgaria,example.com,243
138.187.168.65,Peru,stanford.edu,83
16.233.241.187,Poland,histats.com,610
34.239.15.57,South Africa,printfriendly.com,147
229.136.101.15,Niger,hexun.com,216
213.32.253.54,Finland,cmu.edu,85
46.235.241.125,Portugal,1688.com,30
212.101.179.1,Canada,topsy.com,946
137.39.47.251,Ghana,privacy.gov.au,65
178.82.130.161,Norway,bing.com,612
244.232.189.248,Kenya,51.la,6
149.187.39.7,Saudi Arabia,slideshare.net,31
127.36.4.22,China,histats.com,247
232.5.65.208,Indonesia,ed.gov,567
193.39.220.252,Ethiopia,barnesandnoble.com,71
17.192.217.58,China,cornell.edu,424
39.176.0.177,China,netscape.com,987
108.171.195.168,Sweden,oaic.gov.au,623
159.195.215.116,Brazil,google.cn,436
62.77.101.219,Netherlands,ca.gov,852
57.189.223.229,Philippines,opera.com,796
251.159.109.130,Latvia,prweb.com,415
28.12.163.10,China,ebay.com,797
203.93.50.168,Philippines,phpbb.com,602
26.235.126.206,Indonesia,webeden.co.uk,873
64.154.109.112,China,engadget.com,499
87.165.14.11,Mexico,buzzfeed.com,661
152.72.40.217,China,slideshare.net,292
218.44.247.186,Pakistan,hc360.com,775
127.96.227.39,Russia,wordpress.com,319
57.4.35.168,Brazil,hubpages.com,289
145.178.164.162,Philippines,jigsy.com,98
30.44.14.15,Czech Republic,blogs.com,975
204.229.16.32,Serbia,independent.co.uk,619
199.35.245.31,Colombia,cafepress.com,152
241.7.164.10,Japan,unblog.fr,128
148.184.102.113,China,youtube.com,793
45.186.106.154,Portugal,ustream.tv,761
227.187.247.203,Greece,about.me,620
177.102.18.95,Czech Republic,blogspot.com,887
212.5.180.231,Poland,walmart.com,423
62.151.91.100,France,cocolog-nifty.com,49
88.180.236.146,Philippines,blogspot.com,88
125.31.128.252,Norway,example.com,422
44.26.64.91,China,1und1.de,940
50.82.74.6,China,usgs.gov,124
176.201.122.94,Nicaragua,dion.ne.jp,862
93.211.51.224,Poland,tripadvisor.com,936
247.75.2.251,China,oaic.gov.au,531
118.191.36.221,Lithuania,t-online.de,917
200.216.92.24,Russia,canalblog.com,663
244.64.153.22,China,indiatimes.com,658
216.132.177.116,Tunisia,apple.com,188
195.112.254.213,China,topsy.com,578
249.70.29.199,Liberia,utexas.edu,441
72.104.207.103,Bangladesh,arstechnica.com,77
142.166.100.26,Colombia,upenn.edu,410
201.172.110.240,Brazil,comsenz.com,412
52.226.96.85,Liberia,redcross.org,516
252.20.226.118,China,sourceforge.net,872
3.111.248.128,China,springer.com,332
186.148.173.66,Sweden,ox.ac.uk,278
243.165.12.119,Uruguay,slate.com,259
52.173.217.1,Russia,kickstarter.com,1
102.218.224.193,Bulgaria,cdbaby.com,886
245.74.34.3,Greece,scribd.com,876
17.18.172.100,Czech Republic,admin.ch,873
242.137.226.253,Russia,utexas.edu,913
46.88.109.144,China,mapquest.com,32
181.40.255.159,China,themeforest.net,531
154.16.152.7,Argentina,naver.com,388
2.39.15.85,China,dropbox.com,476
178.121.137.35,China,jalbum.net,880
22.15.175.112,Indonesia,msu.edu,4
57.227.25.14,Colombia,phpbb.com,183
28.27.212.53,Egypt,independent.co.uk,402
78.203.94.76,Switzerland,businesswire.com,768
227.225.171.214,Indonesia,wired.com,858
75.168.55.207,Finland,arstechnica.com,737
161.151.169.205,Tunisia,hp.com,684
192.89.4.187,Lithuania,patch.com,864
151.188.144.59,Indonesia,arstechnica.com,362
28.205.60.172,Indonesia,friendfeed.com,630
219.199.6.214,Germany,cyberchimps.com,632
211.100.78.35,Lithuania,soup.io,89
156.15.114.21,Thailand,bloglovin.com,462
33.178.234.170,Russia,g.co,424
102.234.136.241,Morocco,tripod.com,574
89.153.5.69,China,senate.gov,567
226.248.22.36,Indonesia,smh.com.au,273
44.13.91.243,Greece,com.com,691
217.183.152.232,Venezuela,blog.com,211
108.63.72.142,Indonesia,so-net.ne.jp,211
116.239.108.42,Vietnam,who.int,195
145.126.5.202,Indonesia,artisteer.com,443
228.85.87.160,Nigeria,fc2.com,52
244.231.153.227,Indonesia,vkontakte.ru,925
74.61.88.158,Indonesia,webs.com,69
204.84.118.91,Sweden,ihg.com,709
182.250.217.137,Poland,taobao.com,530
99.119.117.162,China,archive.org,539
245.168.219.26,China,jugem.jp,702
19.69.164.47,Cameroon,xrea.com,661
157.199.43.210,Armenia,hc360.com,241
26.65.122.124,Russia,nyu.edu,619
32.152.229.67,Canada,economist.com,868
196.18.230.165,Indonesia,unc.edu,972
226.231.39.113,Venezuela,cbc.ca,683
111.145.45.141,Indonesia,wisc.edu,385
92.179.124.91,Sweden,sciencedaily.com,788
243.209.140.199,China,angelfire.com,721
195.213.63.77,Philippines,e-recht24.de,782
227.196.3.215,Honduras,vimeo.com,100
7.161.148.43,Croatia,psu.edu,681
7.46.101.106,China,nhs.uk,278
161.186.44.117,Indonesia,baidu.com,441
156.89.149.208,Nicaragua,shutterfly.com,662
174.218.11.10,China,diigo.com,740
167.8.79.196,Macedonia,cloudflare.com,652
32.20.143.41,Argentina,parallels.com,138
233.3.106.118,China,fda.gov,649
236.51.65.116,Serbia,cnet.com,869
13.36.103.141,Czech Republic,cisco.com,516
88.205.138.255,Canada,biblegateway.com,619
28.133.238.227,Philippines,cmu.edu,322
18.180.175.139,Philippines,e-recht24.de,220
179.207.167.147,Indonesia,4shared.com,921
170.68.118.101,Argentina,unblog.fr,35
217.168.5.58,Dominican Republic,cbslocal.com,52
202.173.159.216,Morocco,samsung.com,346
20.68.152.69,Bolivia,exblog.jp,737
252.196.88.231,United States,adobe.com,209
209.113.233.186,Indonesia,t.co,562
141.95.121.73,Russia,storify.com,629
90.153.110.23,Indonesia,biglobe.ne.jp,692
229.97.218.48,China,usa.gov,739
215.195.224.157,Philippines,com.com,376
222.197.215.182,Philippines,joomla.org,542
245.78.222.184,China,ovh.net,326
17.248.153.253,Ukraine,eventbrite.com,748
67.77.241.121,Japan,adobe.com,174
47.148.95.98,Colombia,artisteer.com,359
232.172.64.106,Lebanon,howstuffworks.com,636
49.238.224.33,China,a8.net,380
60.95.118.38,Colombia,naver.com,168
132.251.46.158,Costa Rica,prweb.com,892
209.100.32.208,Sweden,imdb.com,288
25.36.133.124,Syria,tuttocitta.it,516
227.24.96.107,Philippines,gov.uk,429
61.179.230.46,China,tinypic.com,830
183.64.92.108,China,ucsd.edu,594
130.97.183.72,Indonesia,nature.com,453
121.117.72.159,Portugal,amazon.co.uk,971
150.48.124.190,Sierra Leone,hp.com,595
241.214.75.135,China,booking.com,405
1.197.139.50,China,hatena.ne.jp,526
225.161.20.88,Albania,ustream.tv,889
38.186.80.109,Belarus,wunderground.com,981
44.174.255.227,China,wisc.edu,597
195.47.88.251,Poland,blinklist.com,381
33.134.64.69,Madagascar,dailymail.co.uk,435
62.56.1.115,Egypt,zimbio.com,50
170.216.120.170,Panama,lycos.com,170
107.218.103.28,Bangladesh,java.com,689
138.36.28.55,Indonesia,mozilla.com,435
123.98.213.118,Faroe Islands,forbes.com,815
166.35.255.70,United States,amazon.co.jp,337
51.153.87.78,Nicaragua,tinypic.com,759
66.94.235.47,Indonesia,sfgate.com,111
199.66.117.227,Albania,alexa.com,563
59.31.13.210,China,amazon.co.jp,509
189.48.240.104,China,squidoo.com,246
25.30.106.182,China,washingtonpost.com,400
207.4.81.122,Czech Republic,mapy.cz,214
211.193.107.32,Pakistan,storify.com,18
247.234.64.106,Philippines,prweb.com,623
26.123.167.209,Sweden,yale.edu,9
83.113.56.211,Peru,pcworld.com,793
40.85.238.157,Ukraine,hhs.gov,640
237.35.182.200,Mexico,redcross.org,824
40.219.163.9,Sweden,bbc.co.uk,228
217.66.209.14,Pakistan,admin.ch,897
17.98.227.131,Thailand,cafepress.com,847
166.85.77.8,France,liveinternet.ru,439
159.111.216.81,Philippines,gmpg.org,204
187.127.202.213,Somalia,bluehost.com,255
43.140.79.193,China,instagram.com,104
12.117.42.187,Philippines,nbcnews.com,364
233.132.164.161,China,1und1.de,550
14.175.224.237,Philippines,bloglines.com,240
36.14.135.246,Honduras,ftc.gov,350
34.145.145.62,China,cloudflare.com,540
56.170.142.166,Thailand,mapy.cz,771
207.61.222.80,Peru,independent.co.uk,605
122.52.78.199,Sweden,ebay.co.uk,788
82.2.165.194,Hungary,state.tx.us,897
73.203.163.189,Japan,purevolume.com,232
89.28.77.134,China,fc2.com,820
188.232.120.200,Indonesia,lulu.com,864
170.12.197.90,China,biglobe.ne.jp,397
152.117.192.107,China,mapy.cz,775
68.208.117.90,Indonesia,jiathis.com,416
255.45.217.54,Mexico,newyorker.com,597
220.46.52.99,Tunisia,cpanel.net,217
112.13.235.185,China,reuters.com,346
140.120.181.80,Netherlands,umich.edu,103
153.75.238.224,Croatia,icq.com,295
209.149.33.132,Russia,example.com,967
102.125.207.104,Canada,microsoft.com,216
6.176.250.204,Syria,zimbio.com,617
212.95.241.243,Portugal,chronoengine.com,932
202.35.189.52,Ukraine,chicagotribune.com,768
50.181.131.38,Nigeria,scientificamerican.com,808
38.190.66.246,China,bigcartel.com,849
249.220.146.186,Peru,upenn.edu,203
89.78.188.211,Indonesia,psu.edu,59
72.147.79.91,Czech Republic,csmonitor.com,984
196.17.181.29,Mexico,china.com.cn,433
32.23.76.21,Panama,etsy.com,472
87.127.233.46,United States,1und1.de,689
239.79.242.240,South Africa,godaddy.com,154
120.208.80.212,Ireland,nsw.gov.au,518
18.184.4.141,Nicaragua,princeton.edu,400
100.106.9.28,Guatemala,microsoft.com,191
210.23.165.211,Luxembourg,jigsy.com,817
8.138.120.14,Indonesia,is.gd,756
12.109.66.48,Yemen,walmart.com,670
111.94.209.239,Slovenia,nature.com,519
108.80.206.253,Ukraine,purevolume.com,858
236.245.140.2,Russia,reverbnation.com,777
234.7.57.208,Brazil,oracle.com,634
194.208.234.22,Czech Republic,bigcartel.com,810
27.3.240.168,Cameroon,ovh.net,715
158.6.31.249,France,freewebs.com,356
225.251.178.111,China,biglobe.ne.jp,549
224.225.95.195,Indonesia,bloomberg.com,20
102.51.166.231,Philippines,xrea.com,856
215.154.41.120,Greece,umich.edu,31
213.7.144.133,Morocco,people.com.cn,575
99.118.78.210,New Zealand,vkontakte.ru,128
75.112.123.89,Burkina Faso,purevolume.com,986
27.163.227.185,Venezuela,usa.gov,391
166.106.108.241,Philippines,go.com,160
6.204.197.63,Chile,bloglovin.com,301
62.195.245.241,Indonesia,narod.ru,530
229.104.129.80,China,myspace.com,250
160.128.149.106,Ukraine,techcrunch.com,787
217.72.188.49,China,photobucket.com,381
198.184.252.56,China,noaa.gov,568
96.149.139.193,Peru,xrea.com,558
126.48.157.30,Canada,archive.org,862
155.204.52.84,Denmark,latimes.com,823
214.154.104.151,South Africa,dion.ne.jp,884
142.20.134.135,Indonesia,icq.com,463
95.188.23.71,Argentina,creativecommons.org,957
72.136.108.37,Norway,liveinternet.ru,166
24.244.195.238,Philippines,facebook.com,476
125.207.239.76,China,typepad.com,592
95.60.82.201,China,wikimedia.org,474
177.26.34.9,Poland,salon.com,651
172.88.213.195,Peru,engadget.com,512
9.167.156.11,Russia,foxnews.com,679
168.85.69.189,Philippines,nba.com,231
5.169.207.218,Finland,xinhuanet.com,800
9.235.198.255,Canada,constantcontact.com,963
253.114.204.226,Japan,godaddy.com,446
104.133.185.201,Vietnam,alexa.com,274
182.91.121.76,Hong Kong,google.com.au,871
71.156.46.30,Japan,wikipedia.org,779
198.211.197.188,Brazil,seattletimes.com,728
68.32.1.179,Slovenia,360.cn,400
191.244.154.151,Japan,blinklist.com,896
146.216.36.228,Vietnam,ca.gov,891
254.172.195.254,Indonesia,apache.org,181
18.177.147.91,Ukraine,free.fr,941
96.175.149.180,Peru,wired.com,656
80.218.183.32,Australia,bizjournals.com,427
6.223.144.35,Mauritius,sakura.ne.jp,920
95.121.175.217,China,epa.gov,530
61.192.2.72,China,hubpages.com,689
103.170.143.44,Indonesia,com.com,430
78.91.49.41,Honduras,youku.com,837
166.53.113.35,Mexico,home.pl,20
168.56.188.50,China,springer.com,61
45.60.243.93,Portugal,nba.com,195
76.244.250.71,Malaysia,biblegateway.com,326
31.175.29.78,China,flavors.me,775
25.168.79.178,Burkina Faso,dyndns.org,504
163.70.215.182,Russia,taobao.com,699
152.238.95.248,Ukraine,walmart.com,393
123.55.52.103,Russia,geocities.com,502
43.70.22.89,Liberia,dell.com,625
136.101.52.17,Peru,latimes.com,820
234.56.126.27,Portugal,weibo.com,74
211.34.17.101,Afghanistan,upenn.edu,606
254.207.59.107,China,bluehost.com,233
133.4.26.211,Portugal,paypal.com,578
